Product Name,Order Item Quantity
Perfect Fitness Perfect Rip Deck,73698
Nike Men's Dri-FIT Victory Golf Polo,62956
O'Brien Men's Neoprene Life Vest,57803
Nike Men's Free 5.0+ Running Shoe,36680
Under Armour Girls' Toddler Spine Surge Runni,31735
Nike Men's CJ Elite 2 TD Football Cleat,22246
Field & Stream Sportsman 16 Gun Fire Safe,17325
Pelican Sunstream 100 Kayak,15500
Diamondback Women's Serene Classic Comfort Bi,13729
ENO Atlas Hammock Straps,998
Nike Men's Comfort 2 Slide,991
adidas Youth Germany Black/Red Away Match Soc,969
Team Golf St. Louis Cardinals Putter Grip,958
LIJA Women's Eyelet Sleeveless Golf Polo,946
Glove It Women's Imperial Golf Glove,941
adidas Men's F10 Messi TRX FG Soccer Cleat,939
Glove It Women's Mod Oval 3-Zip Carry All Gol,930
Glove It Imperial Golf Towel,930
Columbia Men's PFG Anchor Tough T-Shirt,928
Bridgestone e6 Straight Distance NFL Carolina,928
